<graph bgSWF='Background.swf' chartTopMargin='5' shadowXShift='3' shadowYShift='3'  showNames='1' showValues='1' pieborderColor='FFFFFF' pieFillAlpha='95' pieRadius='90' nameTbDistance='12' decimalPrecision='0' numberPrefix='$'>
<set name='Item A' value='4' isSliced='1' />
<set name='Item B' value='5' isSliced='1'/>
<set name='Item C' value='2' isSliced='1'/>
<set name='Item D' value='4' isSliced='1'/>
<set name='Item E' value='5' isSliced='1'/>
<set name='Item F' value='2' isSliced='1'/>
<set name='Item G' value='4' isSliced='1'/>
<set name='Item H' value='5' isSliced='1'/>
<set name='Item I' value='2' isSliced='1'/>
</graph>

