<graph caption='Monthly Sales Summary Comparison' xAxisName='Month' yAxisName='Sales' numberPrefix='$' showNames='1'>
<categories>
<category name='Jan' hoverText='January' />
<category name='Feb' hoverText='February' />
<category name='Mar' hoverText='March' />
<category name='Apr' hoverText='April' />
<category name='May' hoverText='May' />
<category name='Jun' hoverText='June' />
<category name='Jul' hoverText='July' />
<category name='Aug' hoverText='August' />
<category name='Sep' hoverText='September' />
<category name='Oct' hoverText='October' />
<category name='Nov' hoverText='November' />
<category name='Dec' hoverText='December' />
</categories>
<dataset seriesName='2004' color='AFD8F8'>
<set value='17400' />
<set value='19800' />
<set value='21800' />
<set value='23800' />
<set value='29600' />
<set value='27600' />
<set value='31800' />
<set value='39700' />
<set value='37800' />
<set value='21900' />
<set value='32900' />
<set value='39800' />
</dataset>
<dataset seriesName='2003' color='F6BD0F' showValues='0'>
<set value='13500'/>
<set value='15300' />
<set value='17400' />
<set value='12700' />
<set value='24400' />
<set value='18700' />
<set value='22300' />
<set value='28600' />
<set value='29700' />
<set value='26400' />
<set value='22900' />
<set value='29800' />
</dataset>
<trendlines>
     <line startValue='22000' color='00cc00' displayValue='Average' isTrendZone='0'/>
</trendlines>
</graph>