<graph caption='Site hits per hour' subCaption='In Thousands' numdivlines='9' lineThickness='2' showValues='0' numVDivLines='22' formatNumberScale='1' rotateNames='1' decimalPrecision='2' anchorRadius='2' anchorBgAlpha='50' showAlternateVGridColor='1' anchorAlpha='100' animation='1' limitsDecimalPrecision='0' divLineDecimalPrecision='1'>
<categories >
<c n='00:00' />
<c n='01:00' />
<c n='02:00' />
<c n='03:00' />
<c n='04:00' />
<c n='05:00' />
<c n='06:00' />
<c n='07:00' />
<c n='08:00' />
<c n='09:00' />
<c n='10:00' />
<c n='11:00' />
<c n='12:00' />
<c n='13:00' />
<c n='14:00' />
<c n='15:00' />
<c n='16:00' />
<c n='17:00' />
<c n='18:00' />
<c n='19:00' />
<c n='20:00' />
<c n='21:00' />
<c n='22:00' />
<c n='23:00' />
</categories>
<dataset seriesName='Sat' color='0080C0' anchorBorderColor='0080C0' >
<s v='36' />
<s v='71' />
<s v='85' />
<s v='92' />
<s v='101' />
<s v='116' />
<s v='164' />
<s v='180' />
<s v='192' />
<s v='262' />
<s v='319' />
<s v='489' />
<s v='633' />
<s v='904' />
<s v='1215' />
<s v='1358' />
<s v='1482' />
<s v='1666' />
<s v='1811' />
<s v='2051' />
<s v='2138' />
<s v='2209' />
<s v='2247' />
<s v='2301' />
</dataset>
<dataset seriesName='Sun' color='008040' anchorBorderColor='008040'>
<s v='23' />
<s v='40' />
<s v='62' />
<s v='118' />
<s v='130' />
<s v='139' />
<s v='158' />
<s v='233' />
<s v='297' />
<s v='379' />
<s v='503' />
<s v='687' />
<s v='746' />
<s v='857' />
<s v='973' />
<s v='1125' />
<s v='1320' />
<s v='1518' />
<s v='1797' />
<s v='1893' />
<s v='2010' />
<s v='2057' />
<s v='2166' />
<s v='2197' />
</dataset>
<dataset seriesName='Mon' color='808080' anchorBorderColor='808080'>
<s v='37' />
<s v='45' />
<s v='70' />
<s v='79' />
<s v='168' />
<s v='337' />
<s v='374' />
<s v='431' />
<s v='543' />
<s v='784' />
<s v='1117' />
<s v='1415' />
<s v='2077' />
<s v='2510' />
<s v='3025' />
<s v='3383' />
<s v='3711' />
<s v='4016' />
<s v='4355' />
<s v='4751' />
<s v='5154' />
<s v='5475' />
<s v='5696' />
<s v='5801' />
</dataset>
<dataset seriesName='Tue' color='800080' anchorBorderColor='800080'>
<s v='54' />
<s v='165' />
<s v='175' />
<s v='190' />
<s v='212' />
<s v='241' />
<s v='308' />
<s v='401' />
<s v='481' />
<s v='851' />
<s v='1250' />
<s v='2415' />
<s v='2886' />
<s v='3252' />
<s v='3673' />
<s v='4026' />
<s v='4470' />
<s v='4813' />
<s v='4961' />
<s v='5086' />
<s v='5284' />
<s v='5391' />
<s v='5657' />
<s v='5847' />
</dataset>
<dataset seriesName='Wed' color='FF8040' anchorBorderColor='FF8040'>
<s v='111' />
<s v='120' />
<s v='128' />
<s v='140' />
<s v='146' />
<s v='157' />
<s v='190' />
<s v='250' />
<s v='399' />
<s v='691' />
<s v='952' />
<s v='1448' />
<s v='1771' />
<s v='2316' />
<s v='2763' />
<s v='3149' />
<s v='3637' />
<s v='4015' />
<s v='4262' />
<s v='4541' />
<s v='4837' />
<s v='5016' />
<s v='5133' />
<s v='5278' />
</dataset>
<dataset seriesName='Thu' color='FFFF00' anchorBorderColor='FFFF00' >
<s v='115' />
<s v='141' />
<s v='175' />
<s v='189' />
<s v='208' />
<s v='229' />
<s v='252' />
<s v='440' />
<s v='608' />
<s v='889' />
<s v='1334' />
<s v='1637' />
<s v='2056' />
<s v='2600' />
<s v='3070' />
<s v='3451' />
<s v='3918' />
<s v='4140' />
<s v='4296' />
<s v='4519' />
<s v='4716' />
<s v='4881' />
<s v='5092' />
<s v='5249' />
</dataset>
<dataset seriesName='Fri' color='FF0080' anchorBorderColor='FF0080' >
<s v='98' />
<s v='1112' />
<s v='1192' />
<s v='1219' />
<s v='1264' />
<s v='1282' />
<s v='1365' />
<s v='1433' />
<s v='1559' />
<s v='1823' />
<s v='1867' />
<s v='2198' />
<s v='1112' />
<s v='1192' />
<s v='1219' />
<s v='2264' />
<s v='2282' />
<s v='2365' />
<s v='2433' />
<s v='2559' />
<s v='2823' />
<s v='2867' />
<s v='2867' />
<s v='2867' />
</dataset>
</graph>
