<graph caption='Monthly Sales Summary' subcaption='For the year 2004' xAxisName='Month' yAxisName='Sales' numberPrefix='$' showNames='1' showValues='0'>
<set name='Jan' value='17400' color='AFD8F8' />
<set name='Feb' value='29800' color='F6BD0F' />
<set name='Mar' value='21800' color='8BBA00' />
<set name='Apr' value='13800' color='A66EDD' />
<set name='May' />
<set name='Jun' value='27600' color='F984A1' />
<set name='Jul' value='31800' color='CCCC00' />
<set name='Aug' value='39700' color='eaf5ff' />
<set name='Sep' value='27800' color='ffaaa0' />
<set name='Oct' />
<set name='Nov' value='32900' color='ffa000' />
<set name='Dec' value='39800' color='D8D940' />
</graph>