<graph caption='Discontinuous Data Demo' numdivlines='4' showgridbg='1' showhovercap='1' lineThickness='1' animation='1' hoverCapSepChar=' ' anchorScale='0' showNames='1' showValues='0' numVDivLines='12' anchorscale='0' rotateNames='1'>
<categories>
<category name='5/2001' showName='1'/>
<category name='6/2001' showName='0'/>
<category name='7/2001' showName='0'/>
<category name='8/2001' showName='1'/>
<category name='9/2001' showName='0'/>
<category name='10/2001' showName='0'/>
<category name='11/2001' showName='1'/>
<category name='12/2001' showName='0'/>
<category name='1/2002' showName='0'/>
<category name='2/2002' showName='1'/>
<category name='3/2002' showName='0'/>
<category name='4/2002' showName='0'/>
<category name='5/2002' showName='1'/>
<category name='6/2002' showName='0'/>
<category name='7/2002' showName='0'/>
<category name='8/2002' showName='1'/>
<category name='9/2002' showName='0'/>
<category name='10/2002' showName='0'/>
<category name='11/2002' showName='1'/>
<category name='12/2002' showName='0'/>
<category name='1/2003' showName='0'/>
<category name='2/2003' showName='1'/>
<category name='3/2003' showName='0'/>
<category name='4/2003' showName='1'/>
</categories>
<dataset seriesname='Series 1' color='00A900' showValue='0' lineThickness='2' yaxismaxvalue='100' anchorAlpha='0'>
<set />
<set />
<set />
<set value='0' />
<set value='1' />
<set value='2' />
<set value='3' />
<set value='5' />
<set value='8' />
<set value='11' />
<set value='16' />
<set value='23' />
<set value='31' />
<set value='40' />
<set value='49' />
<set value='59' />
<set value='68' />
<set />
<set />
<set value='89' />
<set value='94' />
<set value='97' />
<set value='99' />
<set value='100' />
</dataset>
<dataset seriesname='Series 2' color='0000FF' showValue='0' lineThickness='2' yaxismaxvalue='100' anchorAlpha='0'>
<set />
<set value='0' />
<set value='0' />
<set value='0' />
<set value='0' />
<set value='1' />
<set value='1' />
<set value='1' />
<set value='1' />
<set value='6' />
<set value='26' />
<set value='43' />
<set />
<set />
<set />
<set />
<set value='43' />
<set value='53' />
<set value='66' />
<set value='78' />
<set value='91' />
<set />
<set />
<set />
</dataset>
</graph>
