<menu>
<item name="Introduction & Installation">
	<sub name="Introduction" action="WhatisFC.html"></sub>
	<sub name="List of Charts" action="ListCharts.html"></sub>
	<sub name="System Requirements" action="SysReq.html"></sub>
	<sub name="Installation" action="Installation.html"></sub>
	<sub name="Upgrading from Evaluation" action="UpgradeEval.html"></sub>
	<sub name="About Code Samples" action="AboutCode.html"></sub>	
</item>
<item name="Creating your first chart">
	<sub name="The First Chart" action="CreateFirst.html"></sub>	
	<sub name="Changing Chart Type" action="CreateFirstPie.html"></sub>	
	<sub name="Resizing the Chart" action="Resize.html"></sub>	
	<sub name="Converting to a Single Page Chart" action="SinglePage.html"></sub>	 
	<sub name="Basic Chart Elements" action="ChartElements.html"></sub>	 
</item>
<item name="FusionCharts and XML">
	<sub name="Overview" action="XMLOverview.html"></sub>	 
	<sub name="Single Series XML" action="XMLSingle.html"></sub>	 
	<sub name="Multi-Series XML" action="XMLMulti.html"></sub>
	<sub name="Combination XML" action="XMLCombi.html"></sub>
</item>
<item name="Single Series Chart XML">
	<sub name="3D Column Chart" action="XML_3DColumn.html"></sub>	 
	<sub name="2D Column Chart" action="XML_2DColumn.html"></sub>	 
	<sub name="2D Bar Chart" action="XML_2DBar.html"></sub>	 
	<sub name="2D Line Chart" action="XML_2DLine.html"></sub>	 
	<sub name="2D Area Chart" action="XML_2DArea.html"></sub> 
	<sub name="2D Pie Chart" action="XML_2DPie.html"></sub>	 
	<sub name="3D Pie Chart" action="XML_3DPie.html"></sub>	 
	<sub name="Doughnut Chart" action="XML_Doughnut.html"></sub>	 
</item>
<item name="Multi-Series Chart XML">
	<sub name="Multi-series 3D Column" action="XML_3DMSColumn.html"></sub>	 
	<sub name="Multi-series 2D Column" action="XML_2DMSColumn.html"></sub>	 
	<sub name="Multi-series 2D Bar" action="XML_2DMSBar.html"></sub>	 
	<sub name="Multi-series Line" action="XML_2DMSLine.html"></sub>	 
	<sub name="Multi-series 2D Area" action="XML_2DMSArea.html"></sub>	 
	<sub name="Multi-series Radar Chart" action="XML_2DMSRadar.html"></sub>	 
	<sub name="Stacked Column 3D" action="XML_3DStColumn.html"></sub>	 
	<sub name="Stacked Column 2D" action="XML_2DStColumn.html"></sub>	 
	<sub name="Stacked Bar 2D" action="XML_2DStBar.html"></sub>	 
	<sub name="Stacked Area 2D" action="XML_2DStArea.html"></sub>
	<sub name="Multi-series Scatter" action="XML_2DMSScatter.html"></sub>	 
	<sub name="Multi-series Bubble" action="XML_2DMSBubble.html"></sub>	 
</item>
<item name="Combination Chart XML">
	<sub name="3D Column Line Dual Y" action="XML_DY3DColLine.html"></sub>	 
	<sub name="2D Column Line Dual Y" action="XML_DY2DColLine.html"></sub>	 
	<sub name="Stacked Column Line Dual Y" action="XML_DYStColLine.html"></sub>	 	
	<sub name="Stacked Area Line Dual Y" action="XML_DYStAreaLine.html"></sub>	 	
	<sub name="3D Column Line Single Y" action="XML_SY3DColLine.html"></sub>	 
</item>
<item name="Using with scripts and database">
	<sub name="Overview" action="DBOverview.html"></sub>	
</item>
<item name="FusionCharts and ASP">
	<sub name="Using dataURL method" action="ASP_dataURL.html"></sub>	
	<sub name="Using dataXML method" action="ASP_dataXML.html"></sub>	
	<sub name="Multi-series chart Example" action="ASP_MS.html"></sub>	
	<sub name="Combination chart Example" action="ASP_Combination.html"></sub>	
</item>
<item name="FusionCharts and ASP-NET">
	<sub name="Using dataURL method" action="ASPNET_dataURL.html"></sub>	
	<sub name="Using dataXML method" action="ASPNET_dataXML.html"></sub>	
	<sub name="Multi-series chart Example" action="ASPNET_MS.html"></sub>	
	<sub name="Combination chart Example" action="ASPNET_Combination.html"></sub>	
</item>
<item name="FusionCharts and ColdFusion">
	<sub name="Using dataURL method" action="CF_dataURL.html"></sub>	
	<sub name="Using dataXML method" action="CF_dataXML.html"></sub>	
	<sub name="Multi-series chart Example" action="CF_MS.html"></sub>	
	<sub name="Combination chart Example" action="CF_Combination.html"></sub>	
</item>
<item name="FusionCharts and PHP">
	<sub name="Using dataURL method" action="PHP_dataURL.html"></sub>	
	<sub name="Using dataXML method" action="PHP_dataXML.html"></sub>	
	<sub name="Multi-series chart Example" action="PHP_MS.html"></sub>	
	<sub name="Combination chart Example" action="PHP_Combination.html"></sub>	
</item>
<item name="FusionCharts Grid Component">
	<sub name="Overview" action="Grid_Overview.html"></sub>	 
	<sub name="Parameters" action="Grid_Params.html"></sub>	 
</item>
<item name="Candlestick Chart">	
	<sub name="Overview" action="CS_Overview.html"></sub>	
	<sub name="Anatomy" action="CS_Anatomy.html"></sub>	
	<sub name="XML Structure" action="CS_XML.html"></sub>	
	<sub name="XML Examples" action="CS_XML_Ex.html"></sub>	
	<sub name="Dynamic Resizing" action="CS_Resize.html"></sub>	
</item>
<item name="Client Side Dynamic Charts">		
	<sub name="Overview" action="Client_Overview.html"></sub>	
	<sub name="Using Client Side JavaScript" action="Client_JS.html"></sub>	
	<sub name="Using Client Side VBScript" action="Client_VBScript.html"></sub>	
	<sub name="Example Using ASP and MS SQL" action="Client_ASP.html"></sub>	
</item>
<item name="Drill Down Charts">		
	<sub name="Basics" action="DD_Basics.html"></sub>	
	<sub name="Using JavaScript Links" action="DD_JS.html"></sub>	
</item>
<item name="Loading Inside Your Flash Movies">
	<sub name="Basics" action="Load_Basics.html"></sub>	
	<sub name="Event Based Loading" action="Load_Event.html"></sub>	
	<sub name="Loading Elements Cosmetics" action="Load_PGBar.html"></sub>	
</item>

<item name="Advanced Charting">			
	<sub name="Charting Discontinuous Data" action="Adv_DisData.html"></sub>	
	<sub name="Handling long x-axis names" action="Adv_XAxNames.html"></sub>	
	<sub name="Setting background SWFs" action="Adv_Skin.html"></sub>	
</item>

<item name="FAQs">	
	<sub name="Frequently Asked Questions" action="FAQ.html"></sub>	
</item>	
<item name="Licensing & Support">	
	<sub name="Licensing" action="Licenses.html"></sub>	
	<sub name="Support" action="Support.html"></sub>	
</item>	
