<graph bgColor='F2F2F2' showValues='0' decimalPrecision='2' anchorRadius='4' anchorBgAlpha='0' lineThickness='2' numberPrefix='$' limitsDecimalPrecision='0' divLineDecimalPrecision='0'>
<categories>
<category name='Jan' />
<category name='Feb' />
<category name='Mar' />
<category name='Apr' />
<category name='May' />
<category name='Jun' />
<category name='Jul' />
<category name='Aug' />
<category name='Sep' />
<category name='Oct' />
<category name='Nov' />
<category name='Dec' />
</categories>
<dataset anchorSides='3' seriesName='1996' color='0099FF' anchorBorderColor='0099FF'>
<set />
<set />
<set />
<set />
<set />
<set />
<set value='27861.9' alpha='100' link='n-SalesComparisonDrill.asp%3FYear=1996%3DMonth=7'/>
<set value='25485.28' alpha='100' link='n-SalesComparisonDrill.asp%3FYear=1996%3DMonth=8'/>
<set value='26381.4' alpha='100' link='n-SalesComparisonDrill.asp%3FYear=1996%3DMonth=9'/>
<set value='37515.73' alpha='100' link='n-SalesComparisonDrill.asp%3FYear=1996%3DMonth=10'/>
<set value='45600.04' alpha='100' link='n-SalesComparisonDrill.asp%3FYear=1996%3DMonth=11'/>
<set value='45239.63' alpha='100' link='n-SalesComparisonDrill.asp%3FYear=1996%3DMonth=12'/>
</dataset>
<dataset anchorSides='4' seriesName='1997' color='66CC66' anchorBorderColor='66CC66'>
<set value='61258.07' alpha='100' link='n-SalesComparisonDrill.asp%3FYear=1997%3DMonth=1'/>
<set value='38483.64' alpha='100' link='n-SalesComparisonDrill.asp%3FYear=1997%3DMonth=2'/>
<set value='38547.23' alpha='100' link='n-SalesComparisonDrill.asp%3FYear=1997%3DMonth=3'/>
<set value='53032.95' alpha='100' link='n-SalesComparisonDrill.asp%3FYear=1997%3DMonth=4'/>
<set value='53781.29' alpha='100' link='n-SalesComparisonDrill.asp%3FYear=1997%3DMonth=5'/>
<set value='36362.79' alpha='100' link='n-SalesComparisonDrill.asp%3FYear=1997%3DMonth=6'/>
<set value='51020.87' alpha='100' link='n-SalesComparisonDrill.asp%3FYear=1997%3DMonth=7'/>
<set value='47287.68' alpha='100' link='n-SalesComparisonDrill.asp%3FYear=1997%3DMonth=8'/>
<set value='55629.23' alpha='100' link='n-SalesComparisonDrill.asp%3FYear=1997%3DMonth=9'/>
<set value='66749.24' alpha='100' link='n-SalesComparisonDrill.asp%3FYear=1997%3DMonth=10'/>
<set value='43533.79' alpha='100' link='n-SalesComparisonDrill.asp%3FYear=1997%3DMonth=11'/>
<set value='71398.42' alpha='100' link='n-SalesComparisonDrill.asp%3FYear=1997%3DMonth=12'/>
</dataset>
<dataset anchorSides='5' seriesName='1998' color='CD6AC0' anchorBorderColor='CD6AC0'>
<set value='94222.11' alpha='100' link='n-SalesComparisonDrill.asp%3FYear=1998%3DMonth=1'/>
<set value='99415.28' alpha='100' link='n-SalesComparisonDrill.asp%3FYear=1998%3DMonth=2'/>
<set value='104854.17' alpha='100' link='n-SalesComparisonDrill.asp%3FYear=1998%3DMonth=3'/>
<set value='123798.69' alpha='100' link='n-SalesComparisonDrill.asp%3FYear=1998%3DMonth=4'/>
<set value='18333.63' alpha='100' link='n-SalesComparisonDrill.asp%3FYear=1998%3DMonth=5'/>
<set />
<set />
<set />
<set />
<set />
<set />
<set />
</dataset>
</graph>