<graph numberPrefix='$' showNames='1' showValues='0' showDivLineValue='1' showLimits='1' chartLeftMargin='0' chartRightMargin='0' chartTopMargin='5' chartBottomMargin='0'>
<set name='J' value='17400' hoverText='Jan' color='0099FF' />
<set name='F' value='19800' hoverText='Feb' color='FF66CC' />
<set name='M' value='21800' hoverText='Mar' color='996600' />
<set name='A' value='23800' hoverText='Apr' color='669966' />
<set name='M' value='29600' hoverText='May' color='7C7CB4' />
<set name='J' value='27600' hoverText='Jun' color='FF9933' />
<set name='J' value='31800' hoverText='Jul' color='CCCC00' />
<set name='A' value='39700' hoverText='Aug' color='9900FF' />
<set name='S' value='37800' hoverText='Sep' color='999999' />
<set name='O' value='21900' hoverText='Oct' color='99FFCC' />
<set name='N' value='32900' hoverText='Nov' color='CCCCFF' />
<set name='D' value='39800' hoverText='Dec' color='669900' />
</graph>